Data;empresa;LL;at;ief;roe;moper
31/12/2002;ITAUUNIBANCO;2376.72;111141.44;49.28;26.30;15.59
31/03/2003;ITAUUNIBANCO;2587.19;113097.65;46.47;25.91;19.95
30/06/2003;ITAUUNIBANCO;2819.35;106799.15;46.61;26.17;33.08
30/09/2003;ITAUUNIBANCO;2987.31;118981.95;46.57;26.06;52.35
31/12/2003;ITAUUNIBANCO;3151.82;118737.86;57.41;26.53;39.98
31/03/2004;ITAUUNIBANCO;3313.81;126979.34;59.92;26.56;35.09
30/06/2004;ITAUUNIBANCO;3486.28;122759.55;59.08;27.26;26.04
30/09/2004;ITAUUNIBANCO;3599.25;138519.77;58.38;26.72;32.93
31/12/2004;ITAUUNIBANCO;3775.62;130338.64;51.51;27.02;42.05
31/03/2005;ITAUUNIBANCO;4040.76;146402.78;50.12;27.62;43.40
30/06/2005;ITAUUNIBANCO;4425.22;144545.33;48.82;29.45;56.16
30/09/2005;ITAUUNIBANCO;4856.85;144671.19;49.36;31.89;49.87
31/12/2005;ITAUUNIBANCO;5251.33;151241.43;53.90;33.75;40.25
31/03/2006;ITAUUNIBANCO;5570.02;163203.79;53.48;33.52;40.87
30/06/2006;ITAUUNIBANCO;5735.09;172412.77;53.53;32.67;33.36
30/09/2006;ITAUUNIBANCO;4454.09;206934.92;54.63;20.53;20.54
31/12/2006;ITAUUNIBANCO;4308.93;209691.16;54.99;18.29;19.44
31/03/2007;ITAUUNIBANCO;4750.60;257849.85;54.19;19.02;20.80
30/06/2007;ITAUUNIBANCO;5367.12;255417.70;54.56;20.22;21.33
30/09/2007;ITAUUNIBANCO;7723.97;298483.61;53.10;27.58;31.15
31/12/2007;ITAUUNIBANCO;8473.60;294876.25;52.37;29.25;33.69
31/03/2008;ITAUUNIBANCO;8615.43;327624.40;52.64;29.44;28.66
30/06/2008;ITAUUNIBANCO;8541.30;343870.15;51.64;28.15;33.10
30/09/2008;ITAUUNIBANCO;7961.09;396599.22;53.86;25.20;23.94
31/12/2008;ITAUUNIBANCO;7803.48;632728.40;73.14;17.87;-1.62
31/03/2009;ITAUUNIBANCO;7774.84;618943.35;70.71;17.28;-0.26
30/06/2009;ITAUUNIBANCO;8305.05;596387.07;66.79;17.57;2.64
30/09/2009;ITAUUNIBANCO;8725.50;612398.93;61.81;17.86;6.38
31/12/2009;ITAUUNIBANCO;10066.61;608273.23;50.56;19.86;25.33
31/03/2010;ITAUUNIBANCO;11285.96;634663.19;51.05;21.30;27.33
30/06/2010;ITAUUNIBANCO;11880.02;651582.99;53.46;21.57;25.26
30/09/2010;ITAUUNIBANCO;12645.95;686248.44;55.59;22.10;24.94
31/12/2010;ITAUUNIBANCO;12493.00;727481.00;;18.39;21.48
31/03/2011;ITAUUNIBANCO;12966.64;778472.49;;19.31;21.14
30/06/2011;ITAUUNIBANCO;13614.63;792500.39;;19.62;20.72
30/09/2011;ITAUUNIBANCO;14578.37;836994.30;;20.76;16.75
31/12/2011;ITAUUNIBANCO;14610.00;818136.00;53.72;19.39;17.73
31/03/2012;ITAUUNIBANCO;14518.40;896841.83;52.64;19.52;17.42
30/06/2012;ITAUUNIBANCO;11592.61;98603.65;;14.24;56.73
30/09/2012;ITAUUNIBANCO;11254.51;103576.22;;13.37;52.88
31/12/2012;ITAUUNIBANCO;13191.00;957154.00;52.34;17.36;16.97
31/03/2013;ITAUUNIBANCO;10505.71;103502.79;;12.33;49.55
30/06/2013;ITAUUNIBANCO;10385.71;106295.91;;12.12;49.74
30/09/2013;ITAUUNIBANCO;10604.59;107306.07;;12.14;51.75
31/12/2013;ITAUUNIBANCO;16522.00;1027297.00;55.33;19.62;21.37
31/03/2014;ITAUUNIBANCO;17633.00;1025285.00;54.52;20.63;22.27
30/06/2014;ITAUUNIBANCO;18709.00;1039731.00;53.19;20.94;24.39
30/09/2014;ITAUUNIBANCO;20374.00;1077711.00;53.08;21.49;22.87
31/12/2014;ITAUUNIBANCO;21861.00;1127203.00;51.63;21.73;21.89
31/03/2015;ITAUUNIBANCO;23043.00;1169439.00;54.07;22.58;19.01
30/06/2015;ITAUUNIBANCO;24134.00;1133898.00;53.10;22.82;19.29
30/09/2015;ITAUUNIBANCO;27448.00;1241933.00;58.41;24.59;13.65
31/12/2015;ITAUUNIBANCO;26156.00;1276415.00;57.25;22.93;13.62
31/03/2016;ITAUUNIBANCO;26071.00;1203294.00;53.02;22.70;17.60
30/06/2016;ITAUUNIBANCO;26459.00;1316342.00;;20.18;18.14
30/09/2016;ITAUUNIBANCO;22783.00;1324122.00;;16.81;22.04
31/12/2016;ITAUUNIBANCO;23582.00;1353241.00;49.40;17.49;21.61
31/03/2017;ITAUUNIBANCO;23762.00;1323995.00;;17.71;20.81
30/06/2017;ITAUUNIBANCO;24232.00;1361222.00;;17.50;18.75
30/09/2017;ITAUUNIBANCO;24528.00;1373518.00;;17.07;21.18
31/12/2017;ITAUUNIBANCO;24268.00;1434969.00;54.79;16.40;21.45
31/03/2018;ITAUUNIBANCO;24947.00;1441407.00;;18.29;22.96
30/06/2018;ITAUUNIBANCO;24049.00;1469095.00;;17.08;20.42
30/09/2018;ITAUUNIBANCO;24462.00;1524489.00;;16.88;19.27
31/12/2018;ITAUUNIBANCO;25639.00;1552797.00;;17.04;22.74
31/03/2019;ITAUUNIBANCO;25985.00;1545971.00;;18.74;25.85
30/06/2019;ITAUUNIBANCO;26781.00;1566311.00;;18.62;29.16
30/09/2019;ITAUUNIBANCO;25955.00;1613947.00;;18.04;28.74
31/12/2019;ITAUUNIBANCO;27813.00;1637481.00;37.38;18.61;15.50
31/03/2020;ITAUUNIBANCO;24588.00;1848102.00;;17.13;5.02
30/06/2020;ITAUUNIBANCO;15995.00;1954009.00;;11.19;-1.42
30/09/2020;ITAUUNIBANCO;15589.00;1998284.00;;10.54;-1.23
31/12/2020;ITAUUNIBANCO;15064.00;2019251.00;42.25;9.75;2.20
31/03/2021;ITAUUNIBANCO;17606.00;2023217.00;;11.02;12.39
30/06/2021;ITAUUNIBANCO;28248.00;1957245.00;;18.29;21.74
30/09/2021;ITAUUNIBANCO;29544.00;2043009.00;;18.59;22.73
31/12/2021;ITAUUNIBANCO;28384.00;2069206.00;;17.26;20.99
31/03/2022;ITAUUNIBANCO;29099.00;2069267.00;;17.86;19.29
30/06/2022;ITAUUNIBANCO;28128.00;2165608.00;;16.76;17.34
30/09/2022;ITAUUNIBANCO;29994.00;2283335.00;;17.27;18.71
31/12/2022;ITAUUNIBANCO;30737.00;2323440.00;;17.33;13.01
